<?xml version="1.0" encoding="UTF-8"?>
<uptime xmlns:xsi="http://www.w3.org/2001/XMLSchema-instance" version="5.0" target_grouping="other">
    <class>AIX WPAR Workload</class>
    <exec>com.uptimesoftware.uptime.erdc.MonitorCustomScriptRunner</exec>
    <erdc_version>0.1</erdc_version>
    <category>Operating System Monitors</category>
    <grid_info>
        <supported_versions>7.3</supported_versions>
        <supported_platforms>windows, linux</supported_platforms>
        <upgrade_in_place>true</upgrade_in_place>
        <requires_agent_scripts>false</requires_agent_scripts>
    </grid_info>
    <elements>
        <element name="process_linux" parameter_type="input" data_type="string" gui_basic="1" range_type="0" hidden="true">
            <control_options> size:40 </control_options>
            <default_value>plugins/scripts/aix-wpar-workload/AIX_WPAR_Workload_Monitor.sh</default_value>
            <short_description>Script Name</short_description>
            <long_description>Name of the script/binary/process to be executed by up.time </long_description>
            <validation_rule>
                <alphanumeric/>
            </validation_rule>
            <error_message>
                <alphanumeric>required field</alphanumeric>
            </error_message>
            <gui_type>
                <string/>
            </gui_type>
        </element>
        <element name="process_windows" parameter_type="input" data_type="string" gui_basic="1" range_type="0" hidden="true">
            <control_options> size:40 </control_options>
            <default_value>plugins/scripts/aix-wpar-workload/AIX_WPAR_Workload_Monitor.bat</default_value>
            <short_description>Script Name</short_description>
            <long_description>Name of the script/binary/process to be executed by up.time </long_description>
            <validation_rule>
                <alphanumeric/>
            </validation_rule>
            <error_message>
                <alphanumeric>required field</alphanumeric>
            </error_message>
            <gui_type>
                <string/>
            </gui_type>
        </element>
        <element name="port" parameter_type="input" data_type="decimal" gui_basic="1" range_type="0" units="">
            <control_options>size:4</control_options>
            <default_value> 9998 </default_value>
            <short_description>Agent Port</short_description>
            <long_description>up.time agent port (default is 9998)</long_description>
            <validation_rule/>
            <error_message/>
            <gui_type>
                <decimal/>
            </gui_type>
        </element>
        <element name="password" parameter_type="input" data_type="string" gui_basic="1" range_type="0">
            <control_options> size:40 </control_options>
            <default_value/>
            <short_description> Agent Password </short_description>
            <long_description> Agent Password </long_description>
            <validation_rule>
                <alphanumeric/>
            </validation_rule>
            <error_message>
                <alphanumeric>required field</alphanumeric>
            </error_message>
            <gui_type>
                <password/>
            </gui_type>
        </element>
        <element name='lparPhysc' parameter_type='output' data_type='decimal' gui_basic='' range_type='0' units='proc'>
            <control_options>size:8</control_options>
            <default_value></default_value>
            <short_description>LPAR Physical Processor Utilization (proc)</short_description>
            <long_description>The number of processors used by this LPAR.</long_description>
            <validation_rule/>
            <error_message/>
            <gui_type><integer/></gui_type>
        </element>
        <element name='lparEntc' parameter_type='output' data_type='decimal' gui_basic='' range_type='0' units='%'>
            <control_options>size:8</control_options>
            <default_value></default_value>
            <short_description>LPAR Entitled Capacity Utilization (%)</short_description>
            <long_description>The percentage of the allocated entitled capacity.</long_description>
            <validation_rule/>
            <error_message/>
            <gui_type><integer/></gui_type>
        </element>
        <element name='cpuUser' parameter_type='output' data_type='ranged' gui_basic='' range_type='0' units='%'>
            <control_options>size:8</control_options>
            <default_value></default_value>
            <short_description>WPAR CPU User(%)</short_description>
            <long_description>The percentage of time the processor or processors spent in execution at the user (or application) level.</long_description>
            <validation_rule/>
            <error_message/>
            <gui_type><decimal/></gui_type>
        </element>
        <element name='cpuSys' parameter_type='output' data_type='ranged' gui_basic='' range_type='0' units='%'>
            <control_options>size:8</control_options>
            <default_value></default_value>
            <short_description>WPAR CPU System (%)</short_description>
            <long_description>The percentage of time the processor or processors spent in execution at the system (or kernel) level.</long_description>
            <validation_rule/>
            <error_message/>
            <gui_type><decimal/></gui_type>
        </element>
        <element name='cpuWio' parameter_type='output' data_type='ranged' gui_basic='' range_type='0' units='%'>
            <control_options>size:8</control_options>
            <default_value></default_value>
            <short_description>WPAR CPU Waiting on IO (%)</short_description>
            <long_description>The percentage of time the processor(s) were idle during which the system had outstanding disk/NFS I/O request(s).</long_description>
            <validation_rule/>
            <error_message/>
            <gui_type><decimal/></gui_type>
        </element>
        <element name='cpuIdle' parameter_type='output' data_type='ranged' gui_basic='' range_type='0' units='%'>
            <control_options>size:8</control_options>
            <default_value></default_value>
            <short_description>WPAR CPU Idle (%)</short_description>
            <long_description>The percentage of time the processor or processors were idle with no outstanding disk I/O requests.</long_description>
            <validation_rule/>
            <error_message/>
            <gui_type><decimal/></gui_type>
        </element>
        <element name='cpuPhysc' parameter_type='output' data_type='ranged' gui_basic='' range_type='0' units='proc'>
            <control_options>size:8</control_options>
            <default_value></default_value>
            <short_description>WPAR Physical Processor Utilization (proc)</short_description>
            <long_description>The number of processors used by this LPAR.</long_description>
            <validation_rule/>
            <error_message/>
            <gui_type><decimal/></gui_type>
        </element>
        <element name='cpuResc' parameter_type='output' data_type='ranged' gui_basic='' range_type='0' units='%'>
            <control_options>size:8</control_options>
            <default_value></default_value>
            <short_description>WPAR Physical Processor Utilization (%)</short_description>
            <long_description>The percentage of processor resource that the WPAR consumes.</long_description>
            <validation_rule/>
            <error_message/>
            <gui_type><decimal/></gui_type>
        </element>
        <element name='memSize' parameter_type='output' data_type='ranged' gui_basic='' range_type='0' units='pages'>
            <control_options>size:8</control_options>
            <default_value></default_value>
            <short_description>WPAR Memory Size (pages)</short_description>
            <long_description>The WPAR's total size of memory in 4 KB pages.</long_description>
            <validation_rule/>
            <error_message/>
            <gui_type><decimal/></gui_type>
        </element>
        <element name='memInuse' parameter_type='output' data_type='ranged' gui_basic='' range_type='0' units='pages'>
            <control_options>size:8</control_options>
            <default_value></default_value>
            <short_description>WPAR Memory In Use (pages)</short_description>
            <long_description>The WPAR's number of pages in RAM that are in use by a process plus the number of persistent pages that belonged to a terminated process and are still resident in RAM. This value is the total size of memory minus the number of pages on the free list.</long_description>
            <validation_rule/>
            <error_message/>
            <gui_type><decimal/></gui_type>
        </element>
        <element name='memFree' parameter_type='output' data_type='ranged' gui_basic='' range_type='0' units='pages'>
            <control_options>size:8</control_options>
            <default_value></default_value>
            <short_description>WPAR Memory Free (pages)</short_description>
            <long_description>The WPAR's number of pages on the free list.</long_description>
            <validation_rule/>
            <error_message/>
            <gui_type><decimal/></gui_type>
        </element>
        <element name='pgSize' parameter_type='output' data_type='ranged' gui_basic='' range_type='0' units='pages'>
            <control_options>size:8</control_options>
            <default_value></default_value>
            <short_description>WPAR Paging Space Size (pages)</short_description>
            <long_description>The WPAR's total size of paging space in 4 KB pages.</long_description>
            <validation_rule/>
            <error_message/>
            <gui_type><decimal/></gui_type>
        </element>
        <element name='pgInuse' parameter_type='output' data_type='ranged' gui_basic='' range_type='0' units='pages'>
            <control_options>size:8</control_options>
            <default_value></default_value>
            <short_description>WPAR Paging Space In Use (pages)</short_description>
            <long_description>The WPAR's total number of allocated pages.</long_description>
            <validation_rule/>
            <error_message/>
            <gui_type><decimal/></gui_type>
        </element>
        <element name="timer" parameter_type="output" data_type="integer" gui_basic="0" range_type="0" units="ms">
            <control_options>size:8</control_options>
            <default_value/>
            <short_description>Response time</short_description>
            <long_description>Response time in ms</long_description>
            <validation_rule/>
            <error_message/>
            <gui_type>
                <integer/>
            </gui_type>
        </element>
    </elements>
    <help>Monitor AIX WPAR Workload</help>
</uptime>
